[
    {
        "inputs": [],
        "name": "stakedBalance",
        "outputs": [{ "internalType": "uint256", "name": "", "type": "uint256" }],
        "stateMutability": "view",
        "type": "function"
    },
    {
        "inputs": [],
        "name": "claimRewards",
        "outputs": [],
        "stateMutability": "nonpayable",
        "type": "function"
    },
    {
        "inputs": [{ "internalType": "uint256", "name": "amount", "type": "uint256" }],
        "name": "unstake",
        "outputs": [],
        "stateMutability": "nonpayable",
        "type": "function"
    }
]